Date,Power_kW
2019-01-02 01:00:00,105.474
2019-01-02 02:00:00,107.18
2019-01-02 03:00:00,107.636
2019-01-02 04:00:00,105.547
2019-01-02 05:00:00,104.585
2019-01-02 06:00:00,108.683
2019-01-02 07:00:00,146.916
2019-01-02 08:00:00,191.87
2019-01-02 09:00:00,215.088
2019-01-02 10:00:00,243.252
2019-01-02 11:00:00,324.193
2019-01-02 12:00:00,267.701
2019-01-02 13:00:00,280.792
2019-01-02 14:00:00,294.921
2019-01-02 15:00:00,282.85
2019-01-02 16:00:00,263.802
2019-01-02 17:00:00,251.11
2019-01-02 18:00:00,206.061
2019-01-02 19:00:00,168.257
2019-01-02 20:00:00,144.747
2019-01-02 21:00:00,121.291
2019-01-02 22:00:00,108.311
2019-01-02 23:00:00,107.698
2019-01-03 00:00:00,120.159
2019-01-03 01:00:00,113.308
2019-01-03 02:00:00,108.948
2019-01-03 03:00:00,109.082
2019-01-03 04:00:00,107.953
2019-01-03 05:00:00,107.183
2019-01-03 06:00:00,112.666
2019-01-03 07:00:00,166.608
2019-01-03 08:00:00,219.917
2019-01-03 09:00:00,253.489
2019-01-03 10:00:00,268.065
2019-01-03 11:00:00,398.686
2019-01-03 12:00:00,312.761
2019-01-03 13:00:00,306.111
2019-01-03 14:00:00,303.649
2019-01-03 15:00:00,289.562
2019-01-03 16:00:00,268.975
2019-01-03 17:00:00,248.879
2019-01-03 18:00:00,222.761
2019-01-03 19:00:00,176.514
2019-01-03 20:00:00,154.605
2019-01-03 21:00:00,122.502
2019-01-03 22:00:00,122.041
2019-01-03 23:00:00,112.824
2019-01-04 00:00:00,108.068
2019-01-04 01:00:00,104.213
2019-01-04 02:00:00,103.711
2019-01-04 03:00:00,104.144
2019-01-04 04:00:00,100.875
2019-01-04 05:00:00,101.308
2019-01-04 06:00:00,111.662
2019-01-04 07:00:00,142.521
2019-01-04 08:00:00,168.659
2019-01-04 09:00:00,216.295
2019-01-04 10:00:00,369.181
2019-01-04 11:00:00,324.437
2019-01-04 12:00:00,340.321
2019-01-04 13:00:00,325.577
2019-01-04 14:00:00,326.669
2019-01-04 15:00:00,335.033
2019-01-04 16:00:00,354.929
2019-01-04 17:00:00,341.378
2019-01-04 18:00:00,297.748
2019-01-04 19:00:00,229.831
2019-01-04 20:00:00,171.325
2019-01-04 21:00:00,141.75
2019-01-04 22:00:00,123.654
2019-01-04 23:00:00,113.21
2019-01-05 00:00:00,107.28
2019-01-05 01:00:00,109.051
2019-01-05 02:00:00,105.39
2019-01-05 03:00:00,106.187
2019-01-05 04:00:00,104.936
2019-01-05 05:00:00,101.995
2019-01-05 06:00:00,105.06
2019-01-05 07:00:00,103.624
2019-01-05 08:00:00,116.373
2019-01-05 09:00:00,138.51
2019-01-05 10:00:00,249.364
2019-01-05 11:00:00,173.418
2019-01-05 12:00:00,196.38
2019-01-05 13:00:00,191.382
2019-01-05 14:00:00,180.109
2019-01-05 15:00:00,185.278
2019-01-05 16:00:00,184.627
2019-01-05 17:00:00,190.753
2019-01-05 18:00:00,195.251
2019-01-05 19:00:00,146.042
2019-01-05 20:00:00,129.314
2019-01-05 21:00:00,124.963
2019-01-05 22:00:00,104.955
2019-01-05 23:00:00,105.516
2019-01-06 00:00:00,0.0
2019-01-06 01:00:00,0.0
2019-01-06 02:00:00,0.0
2019-01-06 03:00:00,0.0
2019-01-06 04:00:00,0.0
2019-01-06 05:00:00,0.0
2019-01-06 06:00:00,0.0
2019-01-06 07:00:00,0.0
2019-01-06 08:00:00,0.0
2019-01-06 09:00:00,0.0
2019-01-06 10:00:00,0.0
2019-01-06 11:00:00,0.0
2019-01-06 12:00:00,0.0
2019-01-06 13:00:00,0.0
2019-01-06 14:00:00,0.0
2019-01-06 15:00:00,0.0
2019-01-06 16:00:00,0.0
2019-01-06 17:00:00,0.0
2019-01-06 18:00:00,0.0
2019-01-06 19:00:00,0.0
2019-01-06 20:00:00,0.0
2019-01-06 21:00:00,0.0
2019-01-06 22:00:00,0.0
2019-01-06 23:00:00,0.0
2019-01-07 00:00:00,101.235
2019-01-07 01:00:00,95.956
2019-01-07 02:00:00,98.336
2019-01-07 03:00:00,102.791
2019-01-07 04:00:00,98.346
2019-01-07 05:00:00,98.923
2019-01-07 06:00:00,110.653
2019-01-07 07:00:00,368.139
2019-01-07 08:00:00,263.814
2019-01-07 09:00:00,322.372
2019-01-07 10:00:00,344.52
2019-01-07 11:00:00,389.494
2019-01-07 12:00:00,380.159
2019-01-07 13:00:00,366.705
2019-01-07 14:00:00,378.787
2019-01-07 15:00:00,429.535
2019-01-07 16:00:00,399.23
2019-01-07 17:00:00,378.622
2019-01-07 18:00:00,356.039
2019-01-07 19:00:00,195.121
2019-01-07 20:00:00,143.578
2019-01-07 21:00:00,114.923
2019-01-07 22:00:00,116.434
2019-01-07 23:00:00,110.868
2019-01-08 00:00:00,116.142
2019-01-08 01:00:00,108.409
2019-01-08 02:00:00,0.0
2019-01-08 03:00:00,0.0
2019-01-08 04:00:00,0.0
2019-01-08 05:00:00,0.0
2019-01-08 06:00:00,0.0
2019-01-08 07:00:00,0.0
2019-01-08 08:00:00,0.0
2019-01-08 09:00:00,0.0
2019-01-08 10:00:00,0.0
2019-01-08 11:00:00,356.883
2019-01-08 12:00:00,385.351
2019-01-08 13:00:00,400.277
2019-01-08 14:00:00,381.394
2019-01-08 15:00:00,385.3
2019-01-08 16:00:00,384.085
2019-01-08 17:00:00,356.247
2019-01-08 18:00:00,290.176
2019-01-08 19:00:00,161.909
2019-01-08 20:00:00,122.904
2019-01-08 21:00:00,108.215
2019-01-08 22:00:00,112.934
2019-01-08 23:00:00,104.55
2019-01-09 00:00:00,92.786
2019-01-09 01:00:00,95.523
2019-01-09 02:00:00,94.492
2019-01-09 03:00:00,95.661
2019-01-09 04:00:00,95.922
2019-01-09 05:00:00,93.947
2019-01-09 06:00:00,98.421
2019-01-09 07:00:00,93.798
2019-01-09 08:00:00,97.493
2019-01-09 09:00:00,90.08
2019-01-09 10:00:00,96.884
2019-01-09 11:00:00,100.372
2019-01-09 12:00:00,96.033
2019-01-09 13:00:00,99.333
2019-01-09 14:00:00,95.561
2019-01-09 15:00:00,98.777
2019-01-09 16:00:00,96.83
2019-01-09 17:00:00,97.428
2019-01-09 18:00:00,100.579
2019-01-09 19:00:00,95.166
2019-01-09 20:00:00,98.467
2019-01-09 21:00:00,94.335
2019-01-09 22:00:00,94.365
2019-01-09 23:00:00,96.01
2019-01-10 00:00:00,117.733
2019-01-10 01:00:00,108.075
2019-01-10 02:00:00,112.416
2019-01-10 03:00:00,106.732
2019-01-10 04:00:00,111.404
2019-01-10 05:00:00,109.771
2019-01-10 06:00:00,128.371
2019-01-10 07:00:00,411.236
2019-01-10 08:00:00,362.104
2019-01-10 09:00:00,390.479
2019-01-10 10:00:00,453.085
2019-01-10 11:00:00,477.216
2019-01-10 12:00:00,488.286
2019-01-10 13:00:00,504.785
2019-01-10 14:00:00,552.529
2019-01-10 15:00:00,515.127
2019-01-10 16:00:00,557.823
2019-01-10 17:00:00,528.095
2019-01-10 18:00:00,455.599
2019-01-10 19:00:00,233.274
2019-01-10 20:00:00,148.676
2019-01-10 21:00:00,123.322
2019-01-10 22:00:00,109.196
2019-01-10 23:00:00,109.2
2019-01-11 00:00:00,107.932
2019-01-11 01:00:00,105.032
2019-01-11 02:00:00,105.237
2019-01-11 03:00:00,104.117
2019-01-11 04:00:00,107.839
2019-01-11 05:00:00,104.101
2019-01-11 06:00:00,230.904
2019-01-11 07:00:00,203.026
2019-01-11 08:00:00,190.582
2019-01-11 09:00:00,173.741
2019-01-11 10:00:00,126.112
2019-01-11 11:00:00,130.169
2019-01-11 12:00:00,127.005
2019-01-11 13:00:00,128.443
2019-01-11 14:00:00,127.916
2019-01-11 15:00:00,131.264
2019-01-11 16:00:00,127.707
2019-01-11 17:00:00,132.147
2019-01-11 18:00:00,127.093
2019-01-11 19:00:00,116.256
2019-01-11 20:00:00,110.053
2019-01-11 21:00:00,105.455
2019-01-11 22:00:00,107.87
2019-01-11 23:00:00,103.211
2019-01-12 00:00:00,101.171
2019-01-12 01:00:00,100.991
2019-01-12 02:00:00,98.453
2019-01-12 03:00:00,98.938
2019-01-12 04:00:00,101.973
2019-01-12 05:00:00,97.535
2019-01-12 06:00:00,98.664
2019-01-12 07:00:00,104.107
2019-01-12 08:00:00,99.225
2019-01-12 09:00:00,97.973
2019-01-12 10:00:00,106.693
2019-01-12 11:00:00,100.643
2019-01-12 12:00:00,100.291
2019-01-12 13:00:00,104.048
2019-01-12 14:00:00,101.538
2019-01-12 15:00:00,100.185
2019-01-12 16:00:00,106.279
2019-01-12 17:00:00,98.598
2019-01-12 18:00:00,99.106
2019-01-12 19:00:00,100.145
2019-01-12 20:00:00,103.989
2019-01-12 21:00:00,97.191
2019-01-12 22:00:00,99.225
2019-01-12 23:00:00,100.029
2019-01-13 00:00:00,99.828
2019-01-13 01:00:00,97.938
2019-01-13 02:00:00,101.342
2019-01-13 03:00:00,99.13
2019-01-13 04:00:00,97.773
2019-01-13 05:00:00,99.421
2019-01-13 06:00:00,100.629
2019-01-13 07:00:00,100.085
2019-01-13 08:00:00,101.76
2019-01-13 09:00:00,105.083
2019-01-13 10:00:00,105.156
2019-01-13 11:00:00,107.537
2019-01-13 12:00:00,107.885
2019-01-13 13:00:00,109.373
2019-01-13 14:00:00,105.773
2019-01-13 15:00:00,104.773
2019-01-13 16:00:00,104.497
2019-01-13 17:00:00,111.094
2019-01-13 18:00:00,105.559
2019-01-13 19:00:00,105.263
2019-01-13 20:00:00,104.619
2019-01-13 21:00:00,109.852
2019-01-13 22:00:00,103.032
2019-01-13 23:00:00,100.617
2019-01-14 00:00:00,104.343
2019-01-14 01:00:00,101.641
2019-01-14 02:00:00,102.776
2019-01-14 03:00:00,100.119
2019-01-14 04:00:00,104.317
2019-01-14 05:00:00,102.756
2019-01-14 06:00:00,110.289
2019-01-14 07:00:00,159.908
2019-01-14 08:00:00,206.337
2019-01-14 09:00:00,234.132
2019-01-14 10:00:00,263.856
2019-01-14 11:00:00,325.615
2019-01-14 12:00:00,280.451
2019-01-14 13:00:00,295.991
2019-01-14 14:00:00,304.125
2019-01-14 15:00:00,308.112
2019-01-14 16:00:00,294.829
2019-01-14 17:00:00,269.25
2019-01-14 18:00:00,226.608
2019-01-14 19:00:00,174.723
2019-01-14 20:00:00,155.469
2019-01-14 21:00:00,126.818
2019-01-14 22:00:00,112.899
2019-01-14 23:00:00,111.876
2019-01-15 00:00:00,105.547
2019-01-15 01:00:00,103.665
2019-01-15 02:00:00,106.325
2019-01-15 03:00:00,103.032
2019-01-15 04:00:00,103.305
2019-01-15 05:00:00,108.016
2019-01-15 06:00:00,110.193
2019-01-15 07:00:00,152.996
2019-01-15 08:00:00,207.307
2019-01-15 09:00:00,233.902
2019-01-15 10:00:00,272.68
2019-01-15 11:00:00,350.217
2019-01-15 12:00:00,292.871
2019-01-15 13:00:00,317.3
2019-01-15 14:00:00,305.501
2019-01-15 15:00:00,310.32
2019-01-15 16:00:00,284.119
2019-01-15 17:00:00,277.714
2019-01-15 18:00:00,236.498
2019-01-15 19:00:00,180.431
2019-01-15 20:00:00,156.235
2019-01-15 21:00:00,126.025
2019-01-15 22:00:00,108.66
2019-01-15 23:00:00,107.575
2019-01-16 00:00:00,102.212
2019-01-16 01:00:00,102.703
2019-01-16 02:00:00,105.681
2019-01-16 03:00:00,103.274
2019-01-16 04:00:00,104.021
2019-01-16 05:00:00,98.444
2019-01-16 06:00:00,110.159
2019-01-16 07:00:00,157.657
2019-01-16 08:00:00,194.484
2019-01-16 09:00:00,240.381
2019-01-16 10:00:00,272.324
2019-01-16 11:00:00,341.5
2019-01-16 12:00:00,300.783
2019-01-16 13:00:00,325.672
2019-01-16 14:00:00,295.274
2019-01-16 15:00:00,306.245
2019-01-16 16:00:00,291.019
2019-01-16 17:00:00,276.015
2019-01-16 18:00:00,232.051
2019-01-16 19:00:00,186.078
2019-01-16 20:00:00,159.965
2019-01-16 21:00:00,123.84
2019-01-16 22:00:00,114.594
2019-01-16 23:00:00,112.045
2019-01-17 00:00:00,112.712
2019-01-17 01:00:00,108.276
2019-01-17 02:00:00,107.548
2019-01-17 03:00:00,110.592
2019-01-17 04:00:00,107.207
2019-01-17 05:00:00,106.034
2019-01-17 06:00:00,115.357
2019-01-17 07:00:00,157.098
2019-01-17 08:00:00,202.047
2019-01-17 09:00:00,238.721
2019-01-17 10:00:00,269.526
2019-01-17 11:00:00,346.606
2019-01-17 12:00:00,285.645
2019-01-17 13:00:00,303.504
2019-01-17 14:00:00,301.837
2019-01-17 15:00:00,309.887
2019-01-17 16:00:00,284.652
2019-01-17 17:00:00,265.382
2019-01-17 18:00:00,232.572
2019-01-17 19:00:00,174.808
2019-01-17 20:00:00,157.979
2019-01-17 21:00:00,125.143
2019-01-17 22:00:00,115.932
2019-01-17 23:00:00,102.316
2019-01-18 00:00:00,105.133
2019-01-18 01:00:00,108.978
2019-01-18 02:00:00,104.535
2019-01-18 03:00:00,109.848
2019-01-18 04:00:00,102.124
2019-01-18 05:00:00,104.071
2019-01-18 06:00:00,112.731
2019-01-18 07:00:00,152.41
2019-01-18 08:00:00,202.649
2019-01-18 09:00:00,240.12
2019-01-18 10:00:00,268.862
2019-01-18 11:00:00,342.639
2019-01-18 12:00:00,288.543
2019-01-18 13:00:00,298.233
2019-01-18 14:00:00,297.532
2019-01-18 15:00:00,295.374
2019-01-18 16:00:00,273.328
2019-01-18 17:00:00,253.069
2019-01-18 18:00:00,221.797
2019-01-18 19:00:00,160.356
2019-01-18 20:00:00,142.911
2019-01-18 21:00:00,117.48
2019-01-18 22:00:00,109.641
2019-01-18 23:00:00,105.363
2019-01-19 00:00:00,106.896
2019-01-19 01:00:00,102.281
2019-01-19 02:00:00,102.128
2019-01-19 03:00:00,103.738
2019-01-19 04:00:00,99.617
2019-01-19 05:00:00,103.055
2019-01-19 06:00:00,99.943
2019-01-19 07:00:00,110.523
2019-01-19 08:00:00,118.979
2019-01-19 09:00:00,118.4
2019-01-19 10:00:00,117.496
2019-01-19 11:00:00,127.516
2019-01-19 12:00:00,120.666
2019-01-19 13:00:00,119.462
2019-01-19 14:00:00,122.667
2019-01-19 15:00:00,123.043
2019-01-19 16:00:00,123.702
2019-01-19 17:00:00,121.935
2019-01-19 18:00:00,121.187
2019-01-19 19:00:00,115.851
2019-01-19 20:00:00,114.567
2019-01-19 21:00:00,105.612
2019-01-19 22:00:00,102.212
2019-01-19 23:00:00,101.173
2019-01-20 00:00:00,98.475
2019-01-20 01:00:00,100.307
2019-01-20 02:00:00,97.647
2019-01-20 03:00:00,96.439
2019-01-20 04:00:00,99.582
2019-01-20 05:00:00,98.306
2019-01-20 06:00:00,99.249
2019-01-20 07:00:00,98.774
2019-01-20 08:00:00,104.93
2019-01-20 09:00:00,100.514
2019-01-20 10:00:00,103.27
2019-01-20 11:00:00,108.403
2019-01-20 12:00:00,110.688
2019-01-20 13:00:00,108.276
2019-01-20 14:00:00,107.13
2019-01-20 15:00:00,107.962
2019-01-20 16:00:00,103.627
2019-01-20 17:00:00,104.083
2019-01-20 18:00:00,103.876
2019-01-20 19:00:00,108.825
2019-01-20 20:00:00,104.09
2019-01-20 21:00:00,100.522
2019-01-20 22:00:00,103.523
2019-01-20 23:00:00,105.191
2019-01-21 00:00:00,99.985
2019-01-21 01:00:00,99.437
2019-01-21 02:00:00,102.963
2019-01-21 03:00:00,100.131
2019-01-21 04:00:00,99.425
2019-01-21 05:00:00,103.151
2019-01-21 06:00:00,104.685
2019-01-21 07:00:00,149.454
2019-01-21 08:00:00,189.049
2019-01-21 09:00:00,239.108
2019-01-21 10:00:00,264.473
2019-01-21 11:00:00,340.772
2019-01-21 12:00:00,297.724
2019-01-21 13:00:00,297.616
2019-01-21 14:00:00,301.143
2019-01-21 15:00:00,304.29
2019-01-21 16:00:00,282.383
2019-01-21 17:00:00,274.919
2019-01-21 18:00:00,224.423
2019-01-21 19:00:00,181.313
2019-01-21 20:00:00,150.324
2019-01-21 21:00:00,122.816
2019-01-21 22:00:00,108.629
2019-01-21 23:00:00,105.984
2019-01-22 00:00:00,109.741
2019-01-22 01:00:00,105.099
2019-01-22 02:00:00,107.678
2019-01-22 03:00:00,101.618
2019-01-22 04:00:00,105.114
2019-01-22 05:00:00,103.611
2019-01-22 06:00:00,108.863
2019-01-22 07:00:00,158.692
2019-01-22 08:00:00,205.697
2019-01-22 09:00:00,237.092
2019-01-22 10:00:00,273.217
2019-01-22 11:00:00,336.969
2019-01-22 12:00:00,290.801
2019-01-22 13:00:00,319.961
2019-01-22 14:00:00,302.619
2019-01-22 15:00:00,313.279
2019-01-22 16:00:00,285.557
2019-01-22 17:00:00,283.333
2019-01-22 18:00:00,225.734
2019-01-22 19:00:00,178.327
2019-01-22 20:00:00,150.044
2019-01-22 21:00:00,122.257
2019-01-22 22:00:00,115.479
2019-01-22 23:00:00,114.854
2019-01-23 00:00:00,114.191
2019-01-23 01:00:00,109.626
2019-01-23 02:00:00,110.573
2019-01-23 03:00:00,106.13
2019-01-23 04:00:00,104.999
2019-01-23 05:00:00,106.555
2019-01-23 06:00:00,109.411
2019-01-23 07:00:00,158.8
2019-01-23 08:00:00,197.39
2019-01-23 09:00:00,230.414
2019-01-23 10:00:00,266.593
2019-01-23 11:00:00,353.008
2019-01-23 12:00:00,299.878
2019-01-23 13:00:00,306.119
2019-01-23 14:00:00,306.061
2019-01-23 15:00:00,283.855
2019-01-23 16:00:00,262.652
2019-01-23 17:00:00,259.766
2019-01-23 18:00:00,234.623
2019-01-23 19:00:00,193.196
2019-01-23 20:00:00,156.147
2019-01-23 21:00:00,129.44
2019-01-23 22:00:00,118.067
2019-01-23 23:00:00,117.519
2019-01-24 00:00:00,113.685
2019-01-24 01:00:00,116.794
2019-01-24 02:00:00,113.505
2019-01-24 03:00:00,111.301
2019-01-24 04:00:00,107.437
2019-01-24 05:00:00,106.279
2019-01-24 06:00:00,110.699
2019-01-24 07:00:00,159.022
2019-01-24 08:00:00,193.683
2019-01-24 09:00:00,226.838
2019-01-24 10:00:00,259.118
2019-01-24 11:00:00,331.806
2019-01-24 12:00:00,289.467
2019-01-24 13:00:00,269.744
2019-01-24 14:00:00,298.578
2019-01-24 15:00:00,282.67
2019-01-24 16:00:00,259.406
2019-01-24 17:00:00,253.985
2019-01-24 18:00:00,218.059
2019-01-24 19:00:00,179.005
2019-01-24 20:00:00,150.796
2019-01-24 21:00:00,121.662
2019-01-24 22:00:00,115.932
2019-01-24 23:00:00,108.276
2019-01-25 00:00:00,109.38
2019-01-25 01:00:00,102.492
2019-01-25 02:00:00,103.895
2019-01-25 03:00:00,107.713
2019-01-25 04:00:00,104.895
2019-01-25 05:00:00,106.214
2019-01-25 06:00:00,114.149
2019-01-25 07:00:00,152.977
2019-01-25 08:00:00,192.859
2019-01-25 09:00:00,212.788
2019-01-25 10:00:00,244.095
2019-01-25 11:00:00,317.573
2019-01-25 12:00:00,286.17
2019-01-25 13:00:00,248.047
2019-01-25 14:00:00,285.683
2019-01-25 15:00:00,271.017
2019-01-25 16:00:00,258.877
2019-01-25 17:00:00,230.061
2019-01-25 18:00:00,210.473
2019-01-25 19:00:00,153.855
2019-01-25 20:00:00,127.88
2019-01-25 21:00:00,116.56
2019-01-25 22:00:00,102.921
2019-01-25 23:00:00,105.582
2019-01-26 00:00:00,103.404
2019-01-26 01:00:00,102.388
2019-01-26 02:00:00,104.47
2019-01-26 03:00:00,101.269
2019-01-26 04:00:00,98.965
2019-01-26 05:00:00,100.84
2019-01-26 06:00:00,98.417
2019-01-26 07:00:00,112.267
2019-01-26 08:00:00,112.861
2019-01-26 09:00:00,113.831
2019-01-26 10:00:00,114.429
2019-01-26 11:00:00,111.125
2019-01-26 12:00:00,110.956
2019-01-26 13:00:00,117.342
2019-01-26 14:00:00,115.211
2019-01-26 15:00:00,122.249
2019-01-26 16:00:00,119.175
2019-01-26 17:00:00,120.562
2019-01-26 18:00:00,120.535
2019-01-26 19:00:00,114.149
2019-01-26 20:00:00,114.287
2019-01-26 21:00:00,105.796
2019-01-26 22:00:00,100.249
2019-01-26 23:00:00,98.44
2019-01-27 00:00:00,104.416
2019-01-27 01:00:00,100.529
2019-01-27 02:00:00,97.666
2019-01-27 03:00:00,98.712
2019-01-27 04:00:00,101.154
2019-01-27 05:00:00,97.815
2019-01-27 06:00:00,97.708
2019-01-27 07:00:00,100.111
2019-01-27 08:00:00,96.922
2019-01-27 09:00:00,101.058
2019-01-27 10:00:00,103.347
2019-01-27 11:00:00,103.665
2019-01-27 12:00:00,101.361
2019-01-27 13:00:00,101.514
2019-01-27 14:00:00,107.847
2019-01-27 15:00:00,104.846
2019-01-27 16:00:00,105.892
2019-01-27 17:00:00,109.837
2019-01-27 18:00:00,110.04
2019-01-27 19:00:00,105.022
2019-01-27 20:00:00,105.102
2019-01-27 21:00:00,105.313
2019-01-27 22:00:00,100.671
2019-01-27 23:00:00,100.062
2019-01-28 00:00:00,100.445
2019-01-28 01:00:00,98.172
2019-01-28 02:00:00,97.01
2019-01-28 03:00:00,99.28
2019-01-28 04:00:00,105.11
2019-01-28 05:00:00,98.095
2019-01-28 06:00:00,101.959
2019-01-28 07:00:00,154.978
2019-01-28 08:00:00,202.335
2019-01-28 09:00:00,232.193
2019-01-28 10:00:00,275.283
2019-01-28 11:00:00,359.291
2019-01-28 12:00:00,292.215
2019-01-28 13:00:00,304.873
2019-01-28 14:00:00,307.226
2019-01-28 15:00:00,298.69
2019-01-28 16:00:00,282.482
2019-01-28 17:00:00,256.971
2019-01-28 18:00:00,229.847
2019-01-28 19:00:00,171.871
2019-01-28 20:00:00,140.557
2019-01-28 21:00:00,121.915
2019-01-28 22:00:00,109.748
2019-01-28 23:00:00,106.743
2019-01-29 00:00:00,109.208
2019-01-29 01:00:00,106.022
2019-01-29 02:00:00,104.861
2019-01-29 03:00:00,106.494
2019-01-29 04:00:00,103.742
2019-01-29 05:00:00,105.57
2019-01-29 06:00:00,115.717
2019-01-29 07:00:00,146.046
2019-01-29 08:00:00,192.801
2019-01-29 09:00:00,223.288
2019-01-29 10:00:00,253.813
2019-01-29 11:00:00,333.431
2019-01-29 12:00:00,304.773
2019-01-29 13:00:00,277.641
2019-01-29 14:00:00,317.032
2019-01-29 15:00:00,293.986
2019-01-29 16:00:00,288.861
2019-01-29 17:00:00,273.6
2019-01-29 18:00:00,235.493
2019-01-29 19:00:00,168.352
2019-01-29 20:00:00,151.647
2019-01-29 21:00:00,120.428
2019-01-29 22:00:00,112.551
2019-01-29 23:00:00,111.845
2019-01-30 00:00:00,110.366
2019-01-30 01:00:00,112.823
2019-01-30 02:00:00,107.586
2019-01-30 03:00:00,107.372
2019-01-30 04:00:00,107.115
2019-01-30 05:00:00,108.541
2019-01-30 06:00:00,112.708
2019-01-30 07:00:00,154.917
2019-01-30 08:00:00,197.053
2019-01-30 09:00:00,222.648
2019-01-30 10:00:00,255.879
2019-01-30 11:00:00,352.337
2019-01-30 12:00:00,303.964
2019-01-30 13:00:00,299.322
2019-01-30 14:00:00,313.762
2019-01-30 15:00:00,287.968
2019-01-30 16:00:00,280.73
2019-01-30 17:00:00,250.485
2019-01-30 18:00:00,225.105
2019-01-30 19:00:00,174.789
2019-01-30 20:00:00,146.939
2019-01-30 21:00:00,117.925
2019-01-30 22:00:00,106.728
2019-01-30 23:00:00,102.756
2019-01-31 00:00:00,103.88
2019-01-31 01:00:00,99.598
2019-01-31 02:00:00,100.767
2019-01-31 03:00:00,103.197
2019-01-31 04:00:00,98.908
2019-01-31 05:00:00,99.199
2019-01-31 06:00:00,112.347
2019-01-31 07:00:00,146.288
2019-01-31 08:00:00,194.457
2019-01-31 09:00:00,228.854
2019-01-31 10:00:00,255.373
2019-01-31 11:00:00,327.869
2019-01-31 12:00:00,290.456
2019-01-31 13:00:00,270.948
2019-01-31 14:00:00,296.57
2019-01-31 15:00:00,292.606
2019-01-31 16:00:00,277.365
2019-01-31 17:00:00,262.997
2019-01-31 18:00:00,223.982
2019-01-31 19:00:00,171.99
2019-01-31 20:00:00,148.799
2019-01-31 21:00:00,122.977
2019-01-31 22:00:00,112.167
2019-01-31 23:00:00,107.123
2019-02-01 00:00:00,88.493
2019-02-01 01:00:00,91.164
2019-02-01 02:00:00,88.056
2019-02-01 03:00:00,88.117
2019-02-01 04:00:00,89.758
2019-02-01 05:00:00,89.094
2019-02-01 06:00:00,90.942
2019-02-01 07:00:00,132.975
2019-02-01 08:00:00,162.269
2019-02-01 09:00:00,173.133
2019-02-01 10:00:00,199.885
2019-02-01 11:00:00,212.8
2019-02-01 12:00:00,214.253
2019-02-01 13:00:00,209.047
2019-02-01 14:00:00,216.652
2019-02-01 15:00:00,223.33
2019-02-01 16:00:00,215.602
2019-02-01 17:00:00,206.548
2019-02-01 18:00:00,179.864
2019-02-01 19:00:00,140.369
2019-02-01 20:00:00,128.528
2019-02-01 21:00:00,113.099
2019-02-01 22:00:00,100.499
2019-02-01 23:00:00,101.315
2019-02-02 00:00:00,103.573
2019-02-02 01:00:00,103.293
2019-02-02 02:00:00,106.517
2019-02-02 03:00:00,102.147
2019-02-02 04:00:00,107.905
2019-02-02 05:00:00,101.365
2019-02-02 06:00:00,100.019
2019-02-02 07:00:00,117.894
2019-02-02 08:00:00,111.972
2019-02-02 09:00:00,113.264
2019-02-02 10:00:00,113.095
2019-02-02 11:00:00,111.036
2019-02-02 12:00:00,119.163
2019-02-02 13:00:00,118.557
2019-02-02 14:00:00,118.837
2019-02-02 15:00:00,124.748
2019-02-02 16:00:00,123.571
2019-02-02 17:00:00,127.842
2019-02-02 18:00:00,122.74
2019-02-02 19:00:00,126.236
2019-02-02 20:00:00,124.595
2019-02-02 21:00:00,108.131
2019-02-02 22:00:00,110.711
2019-02-02 23:00:00,106.199
2019-02-03 00:00:00,115.77
2019-02-03 01:00:00,111.747
2019-02-03 02:00:00,114.983
2019-02-03 03:00:00,108.491
2019-02-03 04:00:00,112.485
2019-02-03 05:00:00,108.342
2019-02-03 06:00:00,108.317
2019-02-03 07:00:00,119.819
2019-02-03 08:00:00,123.214
2019-02-03 09:00:00,126.582
2019-02-03 10:00:00,124.982
2019-02-03 11:00:00,125.314
2019-02-03 12:00:00,127.316
2019-02-03 13:00:00,125.128
2019-02-03 14:00:00,128.033
2019-02-03 15:00:00,131.543
2019-02-03 16:00:00,128.487
2019-02-03 17:00:00,126.734
2019-02-03 18:00:00,130.692
2019-02-03 19:00:00,119.303
2019-02-03 20:00:00,115.564
2019-02-03 21:00:00,106.669
2019-02-03 22:00:00,103.076
2019-02-03 23:00:00,102.036
2019-02-04 00:00:00,111.903
2019-02-04 01:00:00,108.291
2019-02-04 02:00:00,108.673
2019-02-04 03:00:00,110.6
2019-02-04 04:00:00,107.589
2019-02-04 05:00:00,113.85
2019-02-04 06:00:00,117.297
2019-02-04 07:00:00,144.153
2019-02-04 08:00:00,194.142
2019-02-04 09:00:00,235.141
2019-02-04 10:00:00,388.962
2019-02-04 11:00:00,329.262
2019-02-04 12:00:00,338.15
2019-02-04 13:00:00,315.413
2019-02-04 14:00:00,337.57
2019-02-04 15:00:00,374.08
2019-02-04 16:00:00,363.304
2019-02-04 17:00:00,326.718
2019-02-04 18:00:00,272.271
2019-02-04 19:00:00,205.54
2019-02-04 20:00:00,150.847
2019-02-04 21:00:00,134.771
2019-02-04 22:00:00,118.539
2019-02-04 23:00:00,112.819
2019-02-05 00:00:00,109.003
2019-02-05 01:00:00,104.838
2019-02-05 02:00:00,104.541
2019-02-05 03:00:00,108.303
2019-02-05 04:00:00,103.99
2019-02-05 05:00:00,104.685
2019-02-05 06:00:00,123.474
2019-02-05 07:00:00,151.687
2019-02-05 08:00:00,185.435
2019-02-05 09:00:00,238.832
2019-02-05 10:00:00,379.451
2019-02-05 11:00:00,335.841
2019-02-05 12:00:00,339.626
2019-02-05 13:00:00,341.425
2019-02-05 14:00:00,372.435
2019-02-05 15:00:00,385.38
2019-02-05 16:00:00,410.125
2019-02-05 17:00:00,357.057
2019-02-05 18:00:00,329.771
2019-02-05 19:00:00,208.468
2019-02-05 20:00:00,161.326
2019-02-05 21:00:00,138.011
2019-02-05 22:00:00,109.796
2019-02-05 23:00:00,104.613
2019-02-06 00:00:00,0.0
2019-02-06 01:00:00,0.0
2019-02-06 02:00:00,0.0
2019-02-06 03:00:00,0.0
2019-02-06 04:00:00,0.0
2019-02-06 05:00:00,0.0
2019-02-06 06:00:00,0.0
2019-02-06 07:00:00,0.0
2019-02-06 08:00:00,0.0
2019-02-06 09:00:00,0.0
2019-02-06 10:00:00,0.0
2019-02-06 11:00:00,0.0
2019-02-06 12:00:00,0.0
2019-02-06 13:00:00,0.0
2019-02-06 14:00:00,0.0
2019-02-06 15:00:00,0.0
2019-02-06 16:00:00,0.0
2019-02-06 17:00:00,0.0
2019-02-06 18:00:00,0.0
2019-02-06 19:00:00,0.0
2019-02-06 20:00:00,114.969
2019-02-06 21:00:00,111.953
2019-02-06 22:00:00,112.096
2019-02-06 23:00:00,109.683
2019-02-07 00:00:00,114.132
2019-02-07 01:00:00,109.446
2019-02-07 02:00:00,109.216
2019-02-07 03:00:00,107.518
2019-02-07 04:00:00,110.086
2019-02-07 05:00:00,107.667
2019-02-07 06:00:00,119.138
2019-02-07 07:00:00,292.154
2019-02-07 08:00:00,352.053
2019-02-07 09:00:00,378.032
2019-02-07 10:00:00,429.905
2019-02-07 11:00:00,403.926
2019-02-07 12:00:00,425.607
2019-02-07 13:00:00,400.629
2019-02-07 14:00:00,403.98
2019-02-07 15:00:00,376.408
2019-02-07 16:00:00,394.45
2019-02-07 17:00:00,382.739
2019-02-07 18:00:00,355.398
2019-02-07 19:00:00,191.782
2019-02-07 20:00:00,146.062
2019-02-07 21:00:00,111.588
2019-02-07 22:00:00,109.001
2019-02-07 23:00:00,107.629
2019-02-08 00:00:00,106.643
2019-02-08 01:00:00,106.502
2019-02-08 02:00:00,102.174
2019-02-08 03:00:00,99.678
2019-02-08 04:00:00,105.29
2019-02-08 05:00:00,105.812
2019-02-08 06:00:00,106.831
2019-02-08 07:00:00,355.431
2019-02-08 08:00:00,259.547
2019-02-08 09:00:00,276.84
2019-02-08 10:00:00,307.748
2019-02-08 11:00:00,316.591
2019-02-08 12:00:00,333.987
2019-02-08 13:00:00,345.502
2019-02-08 14:00:00,371.251
2019-02-08 15:00:00,350.44
2019-02-08 16:00:00,343.969
2019-02-08 17:00:00,309.592
2019-02-08 18:00:00,274.248
2019-02-08 19:00:00,134.83
2019-02-08 20:00:00,104.811
2019-02-08 21:00:00,88.286
2019-02-08 22:00:00,88.887
2019-02-08 23:00:00,88.228
2019-02-09 00:00:00,95.718
2019-02-09 01:00:00,96.635
2019-02-09 02:00:00,94.411
2019-02-09 03:00:00,95.339
2019-02-09 04:00:00,96.006
2019-02-09 05:00:00,94.875
2019-02-09 06:00:00,103.611
2019-02-09 07:00:00,388.777
2019-02-09 08:00:00,330.878
2019-02-09 09:00:00,364.24
2019-02-09 10:00:00,396.478
2019-02-09 11:00:00,482.023
2019-02-09 12:00:00,487.244
2019-02-09 13:00:00,483.104
2019-02-09 14:00:00,488.16
2019-02-09 15:00:00,504.957
2019-02-09 16:00:00,486.699
2019-02-09 17:00:00,485.71
2019-02-09 18:00:00,451.337
2019-02-09 19:00:00,186.419
2019-02-09 20:00:00,131.441
2019-02-09 21:00:00,106.482
2019-02-09 22:00:00,110.35
2019-02-09 23:00:00,107.096
2019-02-10 00:00:00,109.035
2019-02-10 01:00:00,105.72
2019-02-10 02:00:00,110.304
2019-02-10 03:00:00,104.366
2019-02-10 04:00:00,107.77
2019-02-10 05:00:00,114.713
2019-02-10 06:00:00,122.74
2019-02-10 07:00:00,401.273
2019-02-10 08:00:00,334.47
2019-02-10 09:00:00,381.877
2019-02-10 10:00:00,426.175
2019-02-10 11:00:00,432.891
2019-02-10 12:00:00,451.103
2019-02-10 13:00:00,463.473
2019-02-10 14:00:00,476.269
2019-02-10 15:00:00,493.239
2019-02-10 16:00:00,480.995
2019-02-10 17:00:00,457.892
2019-02-10 18:00:00,413.575
2019-02-10 19:00:00,231.165
2019-02-10 20:00:00,142.619
2019-02-10 21:00:00,119.612
2019-02-10 22:00:00,114.747
2019-02-10 23:00:00,115.989
2019-02-11 00:00:00,105.452
2019-02-11 01:00:00,101.065
2019-02-11 02:00:00,102.668
2019-02-11 03:00:00,106.521
2019-02-11 04:00:00,104.633
2019-02-11 05:00:00,106.242
2019-02-11 06:00:00,115.174
2019-02-11 07:00:00,116.721
2019-02-11 08:00:00,121.849
2019-02-11 09:00:00,136.111
2019-02-11 10:00:00,148.734
2019-02-11 11:00:00,138.011
2019-02-11 12:00:00,140.589
2019-02-11 13:00:00,127.986
2019-02-11 14:00:00,121.755
2019-02-11 15:00:00,122.651
2019-02-11 16:00:00,118.089
2019-02-11 17:00:00,125.692
2019-02-11 18:00:00,121.296
2019-02-11 19:00:00,118.314
2019-02-11 20:00:00,109.509
2019-02-11 21:00:00,107.107
2019-02-11 22:00:00,109.394
2019-02-11 23:00:00,107.839
2019-02-12 00:00:00,97.678
2019-02-12 01:00:00,99.072
2019-02-12 02:00:00,101.456
2019-02-12 03:00:00,98.884
2019-02-12 04:00:00,99.08
2019-02-12 05:00:00,103.551
2019-02-12 06:00:00,136.917
2019-02-12 07:00:00,173.805
2019-02-12 08:00:00,214.321
2019-02-12 09:00:00,359.979
2019-02-12 10:00:00,313.389
2019-02-12 11:00:00,320.299
2019-02-12 12:00:00,336.335
2019-02-12 13:00:00,321.505
2019-02-12 14:00:00,333.342
2019-02-12 15:00:00,324.855
2019-02-12 16:00:00,297.614
2019-02-12 17:00:00,262.575
2019-02-12 18:00:00,232.837
2019-02-12 19:00:00,169.674
2019-02-12 20:00:00,138.979
2019-02-12 21:00:00,117.318
2019-02-12 22:00:00,115.42
2019-02-12 23:00:00,111.631
2019-02-13 00:00:00,111.006
2019-02-13 01:00:00,108.215
2019-02-13 02:00:00,108.265
2019-02-13 03:00:00,110.914
2019-02-13 04:00:00,107.119
2019-02-13 05:00:00,108.069
2019-02-13 06:00:00,113.858
2019-02-13 07:00:00,160.452
2019-02-13 08:00:00,205.505
2019-02-13 09:00:00,244.011
2019-02-13 10:00:00,249.121
2019-02-13 11:00:00,336.624
2019-02-13 12:00:00,292.503
2019-02-13 13:00:00,281.482
2019-02-13 14:00:00,289.317
2019-02-13 15:00:00,279.266
2019-02-13 16:00:00,251.704
2019-02-13 17:00:00,243.072
2019-02-13 18:00:00,212.029
2019-02-13 19:00:00,167.942
2019-02-13 20:00:00,144.149
2019-02-13 21:00:00,119.148
2019-02-13 22:00:00,113.693
2019-02-13 23:00:00,109.576
2019-02-14 00:00:00,109.239
2019-02-14 01:00:00,106.643
2019-02-14 02:00:00,107.682
2019-02-14 03:00:00,108.729
2019-02-14 04:00:00,107.579
2019-02-14 05:00:00,110.481
2019-02-14 06:00:00,109.392
2019-02-14 07:00:00,159.689
2019-02-14 08:00:00,207.828
2019-02-14 09:00:00,230.939
2019-02-14 10:00:00,260.494
2019-02-14 11:00:00,341.278
2019-02-14 12:00:00,274.221
2019-02-14 13:00:00,279.979
2019-02-14 14:00:00,296.148
2019-02-14 15:00:00,279.224
2019-02-14 16:00:00,251.616
2019-02-14 17:00:00,233.419
2019-02-14 18:00:00,208.081
2019-02-14 19:00:00,161.012
2019-02-14 20:00:00,132.216
2019-02-14 21:00:00,118.937
2019-02-14 22:00:00,107.943
2019-02-14 23:00:00,107.13
2019-02-15 00:00:00,111.512
2019-02-15 01:00:00,108.273
2019-02-15 02:00:00,110.707
2019-02-15 03:00:00,109.162
2019-02-15 04:00:00,106.858
2019-02-15 05:00:00,109.127
2019-02-15 06:00:00,114.291
2019-02-15 07:00:00,151.053
2019-02-15 08:00:00,199.05
2019-02-15 09:00:00,233.592
2019-02-15 10:00:00,247.457
2019-02-15 11:00:00,335.279
2019-02-15 12:00:00,272.171
2019-02-15 13:00:00,281.52
2019-02-15 14:00:00,280.834
2019-02-15 15:00:00,268.728
2019-02-15 16:00:00,254.852
2019-02-15 17:00:00,236.915
2019-02-15 18:00:00,209.645
2019-02-15 19:00:00,156.281
2019-02-15 20:00:00,138.207
2019-02-15 21:00:00,114.245
2019-02-15 22:00:00,103.811
2019-02-15 23:00:00,103.42
2019-02-16 00:00:00,107.149
2019-02-16 01:00:00,102.327
2019-02-16 02:00:00,102.239
2019-02-16 03:00:00,106.333
2019-02-16 04:00:00,100.407
2019-02-16 05:00:00,100.698
2019-02-16 06:00:00,101.775
2019-02-16 07:00:00,120.125
2019-02-16 08:00:00,122.95
2019-02-16 09:00:00,125.519
2019-02-16 10:00:00,129.785
2019-02-16 11:00:00,126.186
2019-02-16 12:00:00,126.565
2019-02-16 13:00:00,126.132
2019-02-16 14:00:00,123.169
2019-02-16 15:00:00,130.617
2019-02-16 16:00:00,135.704
2019-02-16 17:00:00,133.561
2019-02-16 18:00:00,129.958
2019-02-16 19:00:00,127.83
2019-02-16 20:00:00,127.228
2019-02-16 21:00:00,105.562
2019-02-16 22:00:00,102.971
2019-02-16 23:00:00,106.571
2019-02-17 00:00:00,103.431
2019-02-17 01:00:00,101.434
2019-02-17 02:00:00,103.109
2019-02-17 03:00:00,100.694
2019-02-17 04:00:00,99.828
2019-02-17 05:00:00,99.272
2019-02-17 06:00:00,104.071
2019-02-17 07:00:00,101.15
2019-02-17 08:00:00,100.161
2019-02-17 09:00:00,108.008
2019-02-17 10:00:00,103.55
2019-02-17 11:00:00,104.294
2019-02-17 12:00:00,104.784
2019-02-17 13:00:00,109.561
2019-02-17 14:00:00,104.133
2019-02-17 15:00:00,108.349
2019-02-17 16:00:00,112.681
2019-02-17 17:00:00,112.29
2019-02-17 18:00:00,111.531
2019-02-17 19:00:00,112.282
2019-02-17 20:00:00,104.777
2019-02-17 21:00:00,104.987
2019-02-17 22:00:00,108.043
2019-02-17 23:00:00,104.52
2019-02-18 00:00:00,103.044
2019-02-18 01:00:00,101.269
2019-02-18 02:00:00,103.128
2019-02-18 03:00:00,101.008
2019-02-18 04:00:00,100.023
2019-02-18 05:00:00,101.189
2019-02-18 06:00:00,109.242
2019-02-18 07:00:00,151.516
2019-02-18 08:00:00,192.893
2019-02-18 09:00:00,235.555
2019-02-18 10:00:00,271.799
2019-02-18 11:00:00,378.553
2019-02-18 12:00:00,313.659
2019-02-18 13:00:00,321.31
2019-02-18 14:00:00,324.526
2019-02-18 15:00:00,320.356
2019-02-18 16:00:00,289.283
2019-02-18 17:00:00,274.662
2019-02-18 18:00:00,235.98
2019-02-18 19:00:00,187.324
2019-02-18 20:00:00,143.221
2019-02-18 21:00:00,127.021
2019-02-18 22:00:00,126.466
2019-02-18 23:00:00,121.823
2019-02-19 00:00:00,117.269
2019-02-19 01:00:00,114.264
2019-02-19 02:00:00,115.832
2019-02-19 03:00:00,111.401
2019-02-19 04:00:00,112.715
2019-02-19 05:00:00,111.496
2019-02-19 06:00:00,115.41
2019-02-19 07:00:00,168.835
2019-02-19 08:00:00,209.856
2019-02-19 09:00:00,241.96
2019-02-19 10:00:00,287.972
2019-02-19 11:00:00,331.633
2019-02-19 12:00:00,304.455
2019-02-19 13:00:00,273.896
2019-02-19 14:00:00,301.653
2019-02-19 15:00:00,272.531
2019-02-19 16:00:00,262.074
2019-02-19 17:00:00,253.015
2019-02-19 18:00:00,228.455
2019-02-19 19:00:00,182.816
2019-02-19 20:00:00,143.459
2019-02-19 21:00:00,122.31
2019-02-19 22:00:00,118.316
2019-02-19 23:00:00,120.52
2019-02-20 00:00:00,107.717
2019-02-20 01:00:00,111.592
2019-02-20 02:00:00,110.584
2019-02-20 03:00:00,111.071
2019-02-20 04:00:00,108.119
2019-02-20 05:00:00,106.318
2019-02-20 06:00:00,113.118
2019-02-20 07:00:00,163.177
2019-02-20 08:00:00,215.583
2019-02-20 09:00:00,240.124
2019-02-20 10:00:00,271.028
2019-02-20 11:00:00,350.16
2019-02-20 12:00:00,322.288
2019-02-20 13:00:00,286.622
2019-02-20 14:00:00,305.168
2019-02-20 15:00:00,289.877
2019-02-20 16:00:00,270.695
2019-02-20 17:00:00,255.015
2019-02-20 18:00:00,240.12
2019-02-20 19:00:00,189.294
2019-02-20 20:00:00,157.247
2019-02-20 21:00:00,124.495
2019-02-20 22:00:00,116.637
2019-02-20 23:00:00,117.871
2019-02-21 00:00:00,113.712
2019-02-21 01:00:00,115.981
2019-02-21 02:00:00,112.064
2019-02-21 03:00:00,114.011
2019-02-21 04:00:00,111.473
2019-02-21 05:00:00,113.129
2019-02-21 06:00:00,113.896
2019-02-21 07:00:00,165.217
2019-02-21 08:00:00,214.889
2019-02-21 09:00:00,251.003
2019-02-21 10:00:00,278.511
2019-02-21 11:00:00,374.823
2019-02-21 12:00:00,316.193
2019-02-21 13:00:00,314.694
2019-02-21 14:00:00,301.764
2019-02-21 15:00:00,297.609
2019-02-21 16:00:00,263.4
2019-02-21 17:00:00,261.568
2019-02-21 18:00:00,228.605
2019-02-21 19:00:00,187.059
2019-02-21 20:00:00,141.358
2019-02-21 21:00:00,121.275
2019-02-21 22:00:00,124.223
2019-02-21 23:00:00,118.818
2019-02-22 00:00:00,117.829
2019-02-22 01:00:00,113.731
2019-02-22 02:00:00,112.907
2019-02-22 03:00:00,109.626
2019-02-22 04:00:00,107.548
2019-02-22 05:00:00,110.047
2019-02-22 06:00:00,115.667
2019-02-22 07:00:00,164.899
2019-02-22 08:00:00,221.118
2019-02-22 09:00:00,246.74
2019-02-22 10:00:00,267.252
2019-02-22 11:00:00,368.705
2019-02-22 12:00:00,303.198
2019-02-22 13:00:00,295.987
2019-02-22 14:00:00,303.052
2019-02-22 15:00:00,282.567
2019-02-22 16:00:00,252.759
2019-02-22 17:00:00,249.956
2019-02-22 18:00:00,221.858
2019-02-22 19:00:00,188.405
2019-02-22 20:00:00,143.957
2019-02-22 21:00:00,123.978
2019-02-22 22:00:00,117.465
2019-02-22 23:00:00,114.724
2019-02-23 00:00:00,116.495
2019-02-23 01:00:00,112.102
2019-02-23 02:00:00,106.505
2019-02-23 03:00:00,106.812
2019-02-23 04:00:00,108.499
2019-02-23 05:00:00,106.804
2019-02-23 06:00:00,108.38
2019-02-23 07:00:00,121.712
2019-02-23 08:00:00,130.034
2019-02-23 09:00:00,136.164
2019-02-23 10:00:00,133.553
2019-02-23 11:00:00,132.557
2019-02-23 12:00:00,131.296
2019-02-23 13:00:00,131.786
2019-02-23 14:00:00,129.371
2019-02-23 15:00:00,137.107
2019-02-23 16:00:00,130.506
2019-02-23 17:00:00,130.092
2019-02-23 18:00:00,133.764
2019-02-23 19:00:00,125.216
2019-02-23 20:00:00,116.633
2019-02-23 21:00:00,108.683
2019-02-23 22:00:00,104.489
2019-02-23 23:00:00,104.608
2019-02-24 00:00:00,104.888
2019-02-24 01:00:00,100.744
2019-02-24 02:00:00,100.506
2019-02-24 03:00:00,102.059
2019-02-24 04:00:00,100.035
2019-02-24 05:00:00,98.797
2019-02-24 06:00:00,101.265
2019-02-24 07:00:00,97.466
2019-02-24 08:00:00,99.222
2019-02-24 09:00:00,99.398
2019-02-24 10:00:00,104.918
2019-02-24 11:00:00,102.722
2019-02-24 12:00:00,105.697
2019-02-24 13:00:00,109.304
2019-02-24 14:00:00,107.924
2019-02-24 15:00:00,106.13
2019-02-24 16:00:00,108.085
2019-02-24 17:00:00,105.198
2019-02-24 18:00:00,109.921
2019-02-24 19:00:00,113.605
2019-02-24 20:00:00,106.126
2019-02-24 21:00:00,103.427
2019-02-24 22:00:00,106.919
2019-02-24 23:00:00,103.029
2019-02-25 00:00:00,104.209
2019-02-25 01:00:00,105.838
2019-02-25 02:00:00,96.819
2019-02-25 03:00:00,99.697
2019-02-25 04:00:00,103.975
2019-02-25 05:00:00,95.83
2019-02-25 06:00:00,105.984
2019-02-25 07:00:00,160.586
2019-02-25 08:00:00,204.991
2019-02-25 09:00:00,230.257
2019-02-25 10:00:00,262.649
2019-02-25 11:00:00,390.383
2019-02-25 12:00:00,306.429
2019-02-25 13:00:00,312.85
2019-02-25 14:00:00,305.812
2019-02-25 15:00:00,288.163
2019-02-25 16:00:00,272.236
2019-02-25 17:00:00,263.622
2019-02-25 18:00:00,232.496
2019-02-25 19:00:00,185.192
2019-02-25 20:00:00,153.977
2019-02-25 21:00:00,121.015
2019-02-25 22:00:00,117.979
2019-02-25 23:00:00,116.296
2019-02-26 00:00:00,116.955
2019-02-26 01:00:00,111.079
2019-02-26 02:00:00,111.991
2019-02-26 03:00:00,113.808
2019-02-26 04:00:00,110.005
2019-02-26 05:00:00,110.676
2019-02-26 06:00:00,118.991
2019-02-26 07:00:00,163.499
2019-02-26 08:00:00,216.369
2019-02-26 09:00:00,255.703
2019-02-26 10:00:00,271.534
2019-02-26 11:00:00,391.042
2019-02-26 12:00:00,304.171
2019-02-26 13:00:00,316.863
2019-02-26 14:00:00,315.234
2019-02-26 15:00:00,294.212
2019-02-26 16:00:00,279.389
2019-02-26 17:00:00,269.867
2019-02-26 18:00:00,229.996
2019-02-26 19:00:00,187.216
2019-02-26 20:00:00,147.675
2019-02-26 21:00:00,129.038
2019-02-26 22:00:00,118.155
2019-02-26 23:00:00,124.235
2019-02-27 00:00:00,115.889
2019-02-27 01:00:00,117.998
2019-02-27 02:00:00,114.594
2019-02-27 03:00:00,114.824
2019-02-27 04:00:00,113.371
2019-02-27 05:00:00,115.253
2019-02-27 06:00:00,112.623
2019-02-27 07:00:00,177.449
2019-02-27 08:00:00,216.729
2019-02-27 09:00:00,245.272
2019-02-27 10:00:00,272.65
2019-02-27 11:00:00,385.189
2019-02-27 12:00:00,328.448
2019-02-27 13:00:00,305.266
2019-02-27 14:00:00,314.983
2019-02-27 15:00:00,286.718
2019-02-27 16:00:00,276.112
2019-02-27 17:00:00,256.091
2019-02-27 18:00:00,243.421
2019-02-27 19:00:00,192.65
2019-02-27 20:00:00,159.513
2019-02-27 21:00:00,131.843
2019-02-27 22:00:00,125.707
2019-02-27 23:00:00,123.09
2019-02-28 00:00:00,116.716
2019-02-28 01:00:00,110.457
2019-02-28 02:00:00,112.239
2019-02-28 03:00:00,112.853
2019-02-28 04:00:00,110.565
2019-02-28 05:00:00,114.139
2019-02-28 06:00:00,115.744
2019-02-28 07:00:00,169.27
2019-02-28 08:00:00,227.892
2019-02-28 09:00:00,250.761
2019-02-28 10:00:00,284.962
2019-02-28 11:00:00,386.373
2019-02-28 12:00:00,316.721
2019-02-28 13:00:00,309.205
2019-02-28 14:00:00,321.383
2019-02-28 15:00:00,295.625
2019-02-28 16:00:00,279.366
2019-02-28 17:00:00,265.24
2019-02-28 18:00:00,237.044
2019-02-28 19:00:00,195.696
2019-02-28 20:00:00,146.574
2019-02-28 21:00:00,123.84
2019-02-28 22:00:00,121.07
2019-02-28 23:00:00,118.885
2019-03-01 00:00:00,106.003
2019-03-01 01:00:00,97.861
2019-03-01 02:00:00,97.075
2019-03-01 03:00:00,98.325
2019-03-01 04:00:00,96.454
2019-03-01 05:00:00,96.792
2019-03-01 06:00:00,108.342
2019-03-01 07:00:00,145.805
2019-03-01 08:00:00,188.776
2019-03-01 09:00:00,240.561
2019-03-01 10:00:00,280.627
2019-03-01 11:00:00,281.742
2019-03-01 12:00:00,272.711
2019-03-01 13:00:00,246.169
2019-03-01 14:00:00,252.594
2019-03-01 15:00:00,256.266
2019-03-01 16:00:00,261.936
2019-03-01 17:00:00,239.005
2019-03-01 18:00:00,203.358
2019-03-01 19:00:00,170.189
2019-03-01 20:00:00,138.111
2019-03-01 21:00:00,112.34
2019-03-01 22:00:00,100.985
2019-03-01 23:00:00,107.59
2019-03-02 00:00:00,107.111
2019-03-02 01:00:00,103.117
2019-03-02 02:00:00,102.316
2019-03-02 03:00:00,104.021
2019-03-02 04:00:00,101.353
2019-03-02 05:00:00,100.165
2019-03-02 06:00:00,104.282
2019-03-02 07:00:00,99.245
2019-03-02 08:00:00,99.042
2019-03-02 09:00:00,104.052
2019-03-02 10:00:00,99.97
2019-03-02 11:00:00,101.802
2019-03-02 12:00:00,100.042
2019-03-02 13:00:00,100.575
2019-03-02 14:00:00,107.675
2019-03-02 15:00:00,102.822
2019-03-02 16:00:00,106.735
2019-03-02 17:00:00,108.135
2019-03-02 18:00:00,109.242
2019-03-02 19:00:00,117.649
2019-03-02 20:00:00,108.077
2019-03-02 21:00:00,110.231
2019-03-02 22:00:00,107.253
2019-03-02 23:00:00,106.919
2019-03-03 00:00:00,103.601
2019-03-03 01:00:00,101.676
2019-03-03 02:00:00,101.229
2019-03-03 03:00:00,102.534
2019-03-03 04:00:00,103.287
2019-03-03 05:00:00,103.251
2019-03-03 06:00:00,101.288
2019-03-03 07:00:00,103.784
2019-03-03 08:00:00,101.48
2019-03-03 09:00:00,101.292
2019-03-03 10:00:00,105.245
2019-03-03 11:00:00,103.65
2019-03-03 12:00:00,104.037
2019-03-03 13:00:00,105.448
2019-03-03 14:00:00,105.935
2019-03-03 15:00:00,108.223
2019-03-03 16:00:00,106.602
2019-03-03 17:00:00,106.776
2019-03-03 18:00:00,105.677
2019-03-03 19:00:00,103.296
2019-03-03 20:00:00,104.834
2019-03-03 21:00:00,101.227
2019-03-03 22:00:00,100.187
2019-03-03 23:00:00,105.129
2019-03-04 00:00:00,111.934
2019-03-04 01:00:00,108.623
2019-03-04 02:00:00,108.495
2019-03-04 03:00:00,111.138
2019-03-04 04:00:00,107.235
2019-03-04 05:00:00,110.174
2019-03-04 06:00:00,118.148
2019-03-04 07:00:00,155.733
2019-03-04 08:00:00,209.912
2019-03-04 09:00:00,250.16
2019-03-04 10:00:00,384.954
2019-03-04 11:00:00,337.775
2019-03-04 12:00:00,335.344
2019-03-04 13:00:00,335.003
2019-03-04 14:00:00,336.304
2019-03-04 15:00:00,329.901
2019-03-04 16:00:00,325.833
2019-03-04 17:00:00,309.189
2019-03-04 18:00:00,277.55
2019-03-04 19:00:00,235.796
2019-03-04 20:00:00,175.881
2019-03-04 21:00:00,151.302
2019-03-04 22:00:00,112.885
2019-03-04 23:00:00,112.153
2019-03-05 00:00:00,107.569
2019-03-05 01:00:00,103.497
2019-03-05 02:00:00,102.769
2019-03-05 03:00:00,101.501
2019-03-05 04:00:00,104.077
2019-03-05 05:00:00,106.685
2019-03-05 06:00:00,113.024
2019-03-05 07:00:00,154.336
2019-03-05 08:00:00,191.985
2019-03-05 09:00:00,239.338
2019-03-05 10:00:00,398.292
2019-03-05 11:00:00,418.224
2019-03-05 12:00:00,375.79
2019-03-05 13:00:00,361.292
2019-03-05 14:00:00,405.839
2019-03-05 15:00:00,393.837
2019-03-05 16:00:00,398.105
2019-03-05 17:00:00,383.227
2019-03-05 18:00:00,324.864
2019-03-05 19:00:00,205.488
2019-03-05 20:00:00,145.843
2019-03-05 21:00:00,131.477
2019-03-05 22:00:00,110.152
2019-03-05 23:00:00,109.495
2019-03-06 00:00:00,110.829
2019-03-06 01:00:00,105.753
2019-03-06 02:00:00,108.368
2019-03-06 03:00:00,104.562
2019-03-06 04:00:00,109.448
2019-03-06 05:00:00,103.68
2019-03-06 06:00:00,119.667
2019-03-06 07:00:00,243.639
2019-03-06 08:00:00,311.133
2019-03-06 09:00:00,341.439
2019-03-06 10:00:00,564.604
2019-03-06 11:00:00,560.999
2019-03-06 12:00:00,561.813
2019-03-06 13:00:00,552.096
2019-03-06 14:00:00,559.871
2019-03-06 15:00:00,569.867
2019-03-06 16:00:00,557.506
2019-03-06 17:00:00,547.803
2019-03-06 18:00:00,508.177
2019-03-06 19:00:00,237.678
2019-03-06 20:00:00,147.323
2019-03-06 21:00:00,128.026
2019-03-06 22:00:00,111.581
2019-03-06 23:00:00,110.274
2019-03-07 00:00:00,106.628
2019-03-07 01:00:00,103.439
2019-03-07 02:00:00,106.18
2019-03-07 03:00:00,102.224
2019-03-07 04:00:00,105.67
2019-03-07 05:00:00,105.175
2019-03-07 06:00:00,115.986
2019-03-07 07:00:00,372.152
2019-03-07 08:00:00,291.951
2019-03-07 09:00:00,383.276
2019-03-07 10:00:00,442.218
2019-03-07 11:00:00,428.95
2019-03-07 12:00:00,454.591
2019-03-07 13:00:00,434.919
2019-03-07 14:00:00,456.086
2019-03-07 15:00:00,468.456
2019-03-07 16:00:00,493.255
2019-03-07 17:00:00,455.12
2019-03-07 18:00:00,404.911
2019-03-07 19:00:00,214.947
2019-03-07 20:00:00,159.363
2019-03-07 21:00:00,114.276
2019-03-07 22:00:00,114.59
2019-03-07 23:00:00,106.533
2019-03-08 00:00:00,88.654
2019-03-08 01:00:00,87.814
2019-03-08 02:00:00,87.695
2019-03-08 03:00:00,88.278
2019-03-08 04:00:00,84.793
2019-03-08 05:00:00,85.269
2019-03-08 06:00:00,86.323
2019-03-08 07:00:00,103.872
2019-03-08 08:00:00,99.648
2019-03-08 09:00:00,100.775
2019-03-08 10:00:00,364.531
2019-03-08 11:00:00,181.965
2019-03-08 12:00:00,188.857
2019-03-08 13:00:00,167.39
2019-03-08 14:00:00,191.529
2019-03-08 15:00:00,165.14
2019-03-08 16:00:00,194.914
2019-03-08 17:00:00,162.024
2019-03-08 18:00:00,109.296
2019-03-08 19:00:00,103.454
2019-03-08 20:00:00,96.704
2019-03-08 21:00:00,84.839
2019-03-08 22:00:00,84.851
2019-03-08 23:00:00,86.649
2019-03-09 00:00:00,105.198
2019-03-09 01:00:00,106.85
2019-03-09 02:00:00,102.446
2019-03-09 03:00:00,109.442
2019-03-09 04:00:00,98.406
2019-03-09 05:00:00,106.352
2019-03-09 06:00:00,110.868
2019-03-09 07:00:00,405.866
2019-03-09 08:00:00,397.321
2019-03-09 09:00:00,455.791
2019-03-09 10:00:00,485.369
2019-03-09 11:00:00,501.806
2019-03-09 12:00:00,497.693
2019-03-09 13:00:00,500.641
2019-03-09 14:00:00,512.298
2019-03-09 15:00:00,496.21
2019-03-09 16:00:00,503.6
2019-03-09 17:00:00,478.178
2019-03-09 18:00:00,459.475
2019-03-09 19:00:00,178.342
2019-03-09 20:00:00,129.954
2019-03-09 21:00:00,108.572
2019-03-09 22:00:00,106.379
2019-03-09 23:00:00,109.469
2019-03-10 00:00:00,110.883
2019-03-10 01:00:00,111.841
2019-03-10 02:00:00,105.647
2019-03-10 03:00:00,100.878
2019-03-10 04:00:00,109.043
2019-03-10 05:00:00,107.736
2019-03-10 06:00:00,124.928
2019-03-10 07:00:00,376.368
2019-03-10 08:00:00,301.864
2019-03-10 09:00:00,375.421
2019-03-10 10:00:00,390.789
2019-03-10 11:00:00,414.173
2019-03-10 12:00:00,443.958
2019-03-10 13:00:00,477.097
2019-03-10 14:00:00,534.942
2019-03-10 15:00:00,541.336
2019-03-10 16:00:00,503.88
2019-03-10 17:00:00,479.826
2019-03-10 18:00:00,434.489
2019-03-10 19:00:00,231.181
2019-03-10 20:00:00,140.829
2019-03-10 21:00:00,115.357
2019-03-10 22:00:00,107.594
2019-03-10 23:00:00,113.103
2019-03-11 00:00:00,109.851
2019-03-11 01:00:00,104.112
2019-03-11 02:00:00,103.241
2019-03-11 03:00:00,106.933
2019-03-11 04:00:00,103.968
2019-03-11 05:00:00,104.543
2019-03-11 06:00:00,102.066
2019-03-11 07:00:00,104.746
2019-03-11 08:00:00,105.172
2019-03-11 09:00:00,102.788
2019-03-11 10:00:00,107.184
2019-03-11 11:00:00,104.764
2019-03-11 12:00:00,107.138
2019-03-11 13:00:00,102.9
2019-03-11 14:00:00,103.043
2019-03-11 15:00:00,107.065
2019-03-11 16:00:00,102.8
2019-03-11 17:00:00,106.831
2019-03-11 18:00:00,103.668
2019-03-11 19:00:00,104.113
2019-03-11 20:00:00,104.63
2019-03-11 21:00:00,102.399
2019-03-11 22:00:00,106.529
2019-03-11 23:00:00,102.907
2019-03-12 00:00:00,111.044
2019-03-12 01:00:00,109.78
2019-03-12 02:00:00,109.107
2019-03-12 03:00:00,109.556
2019-03-12 04:00:00,108.14
2019-03-12 05:00:00,112.885
2019-03-12 06:00:00,143.573
2019-03-12 07:00:00,199.269
2019-03-12 08:00:00,222.348
2019-03-12 09:00:00,357.798
2019-03-12 10:00:00,316.694
2019-03-12 11:00:00,321.445
2019-03-12 12:00:00,334.161
2019-03-12 13:00:00,321.333
2019-03-12 14:00:00,332.126
2019-03-12 15:00:00,329.329
2019-03-12 16:00:00,311.899
2019-03-12 17:00:00,255.641
2019-03-12 18:00:00,223.659
2019-03-12 19:00:00,182.423
2019-03-12 20:00:00,128.917
2019-03-12 21:00:00,118.297
2019-03-12 22:00:00,111.307
2019-03-12 23:00:00,110.501
2019-03-13 00:00:00,110.047
2019-03-13 01:00:00,106.571
2019-03-13 02:00:00,109.875
2019-03-13 03:00:00,106.21
2019-03-13 04:00:00,108.644
2019-03-13 05:00:00,106.08
2019-03-13 06:00:00,113.417
2019-03-13 07:00:00,165.665
2019-03-13 08:00:00,209.844
2019-03-13 09:00:00,251.329
2019-03-13 10:00:00,276.196
2019-03-13 11:00:00,393.289
2019-03-13 12:00:00,316.343
2019-03-13 13:00:00,307.265
2019-03-13 14:00:00,310.765
2019-03-13 15:00:00,310.289
2019-03-13 16:00:00,320.655
2019-03-13 17:00:00,306.878
2019-03-13 18:00:00,272.42
2019-03-13 19:00:00,224.38
2019-03-13 20:00:00,162.878
2019-03-13 21:00:00,144.248
2019-03-13 22:00:00,131.652
2019-03-13 23:00:00,123.909
2019-03-14 00:00:00,129.007
2019-03-14 01:00:00,120.271
2019-03-14 02:00:00,121.59
2019-03-14 03:00:00,118.607
2019-03-14 04:00:00,120.589
2019-03-14 05:00:00,121.256
2019-03-14 06:00:00,127.807
2019-03-14 07:00:00,178.227
2019-03-14 08:00:00,283.41
2019-03-14 09:00:00,282.317
2019-03-14 10:00:00,301.503
2019-03-14 11:00:00,322.564
2019-03-14 12:00:00,321.64
2019-03-14 13:00:00,312.398
2019-03-14 14:00:00,332.005
2019-03-14 15:00:00,322.928
2019-03-14 16:00:00,326.941
2019-03-14 17:00:00,308.656
2019-03-14 18:00:00,285.963
2019-03-14 19:00:00,233.423
2019-03-14 20:00:00,169.667
2019-03-14 21:00:00,149.036
2019-03-14 22:00:00,130.061
2019-03-14 23:00:00,125.001
2019-03-15 00:00:00,120.857
2019-03-15 01:00:00,124.093
2019-03-15 02:00:00,121.992
2019-03-15 03:00:00,119.911
2019-03-15 04:00:00,121.651
2019-03-15 05:00:00,119.5
2019-03-15 06:00:00,133.254
2019-03-15 07:00:00,167.869
2019-03-15 08:00:00,267.456
2019-03-15 09:00:00,284.104
2019-03-15 10:00:00,293.718
2019-03-15 11:00:00,325.232
2019-03-15 12:00:00,321.513
2019-03-15 13:00:00,316.127
2019-03-15 14:00:00,330.165
2019-03-15 15:00:00,339.699
2019-03-15 16:00:00,319.704
2019-03-15 17:00:00,288.869
2019-03-15 18:00:00,273.692
2019-03-15 19:00:00,206.663
2019-03-15 20:00:00,161.027
2019-03-15 21:00:00,141.373
2019-03-15 22:00:00,127.033
2019-03-15 23:00:00,113.149
2019-03-16 00:00:00,110.113
2019-03-16 01:00:00,115.119
2019-03-16 02:00:00,112.907
2019-03-16 03:00:00,111.811
2019-03-16 04:00:00,113.923
2019-03-16 05:00:00,110.592
2019-03-16 06:00:00,110.929
2019-03-16 07:00:00,123.073
2019-03-16 08:00:00,132.081
2019-03-16 09:00:00,134.389
2019-03-16 10:00:00,139.61
2019-03-16 11:00:00,139.265
2019-03-16 12:00:00,139.522
2019-03-16 13:00:00,146.464
2019-03-16 14:00:00,142.033
2019-03-16 15:00:00,147.813
2019-03-16 16:00:00,149.96
2019-03-16 17:00:00,140.687
2019-03-16 18:00:00,140.572
2019-03-16 19:00:00,143.808
2019-03-16 20:00:00,126.466
2019-03-16 21:00:00,126.27
2019-03-16 22:00:00,131.414
2019-03-16 23:00:00,115.767
2019-03-17 00:00:00,115.069
2019-03-17 01:00:00,112.524
2019-03-17 02:00:00,114.82
2019-03-17 03:00:00,112.547
2019-03-17 04:00:00,113.068
2019-03-17 05:00:00,116.756
2019-03-17 06:00:00,113.333
2019-03-17 07:00:00,113.03
2019-03-17 08:00:00,123.318
2019-03-17 09:00:00,121.935
2019-03-17 10:00:00,121.038
2019-03-17 11:00:00,124.235
2019-03-17 12:00:00,124.66
2019-03-17 13:00:00,126.017
2019-03-17 14:00:00,122.314
2019-03-17 15:00:00,123.364
2019-03-17 16:00:00,124.967
2019-03-17 17:00:00,127.734
2019-03-17 18:00:00,131.794
2019-03-17 19:00:00,124.963
2019-03-17 20:00:00,122.851
2019-03-17 21:00:00,120.785
2019-03-17 22:00:00,116.717
2019-03-17 23:00:00,110.093
2019-03-18 00:00:00,116.323
2019-03-18 01:00:00,110.339
2019-03-18 02:00:00,109.139
2019-03-18 03:00:00,109.848
2019-03-18 04:00:00,112.765
2019-03-18 05:00:00,110.649
2019-03-18 06:00:00,115.495
2019-03-18 07:00:00,158.635
2019-03-18 08:00:00,281.961
2019-03-18 09:00:00,243.881
2019-03-18 10:00:00,305.494
2019-03-18 11:00:00,324.576
2019-03-18 12:00:00,318.025
2019-03-18 13:00:00,315.441
2019-03-18 14:00:00,319.543
2019-03-18 15:00:00,326.991
2019-03-18 16:00:00,328.229
2019-03-18 17:00:00,310.972
2019-03-18 18:00:00,288.462
2019-03-18 19:00:00,210.764
2019-03-18 20:00:00,165.727
2019-03-18 21:00:00,130.008
2019-03-18 22:00:00,128.823
2019-03-18 23:00:00,120.965
2019-03-19 00:00:00,121.712
2019-03-19 01:00:00,116.625
2019-03-19 02:00:00,118.918
2019-03-19 03:00:00,116.721
2019-03-19 04:00:00,115.932
2019-03-19 05:00:00,119.171
2019-03-19 06:00:00,125.434
2019-03-19 07:00:00,170.422
2019-03-19 08:00:00,296.83
2019-03-19 09:00:00,286.331
2019-03-19 10:00:00,316.308
2019-03-19 11:00:00,325.485
2019-03-19 12:00:00,328.344
2019-03-19 13:00:00,309.089
2019-03-19 14:00:00,326.217
2019-03-19 15:00:00,306.226
2019-03-19 16:00:00,283.993
2019-03-19 17:00:00,265.301
2019-03-19 18:00:00,236.294
2019-03-19 19:00:00,195.619
2019-03-19 20:00:00,147.223
2019-03-19 21:00:00,115.322
2019-03-19 22:00:00,108.733
2019-03-19 23:00:00,109.051
2019-03-20 00:00:00,110.297
2019-03-20 01:00:00,107.119
2019-03-20 02:00:00,111.186
2019-03-20 03:00:00,105.482
2019-03-20 04:00:00,110.91
2019-03-20 05:00:00,106.172
2019-03-20 06:00:00,114.525
2019-03-20 07:00:00,174.152
2019-03-20 08:00:00,218.477
2019-03-20 09:00:00,248.898
2019-03-20 10:00:00,273.892
2019-03-20 11:00:00,388.014
2019-03-20 12:00:00,320.317
2019-03-20 13:00:00,323.169
2019-03-20 14:00:00,318.976
2019-03-20 15:00:00,299.046
2019-03-20 16:00:00,273.597
2019-03-20 17:00:00,271.024
2019-03-20 18:00:00,251.969
2019-03-20 19:00:00,213.958
2019-03-20 20:00:00,169.081
2019-03-20 21:00:00,132.4
2019-03-20 22:00:00,112.209
2019-03-20 23:00:00,110.458
2019-03-21 00:00:00,104.489
2019-03-21 01:00:00,104.876
2019-03-21 02:00:00,105.72
2019-03-21 03:00:00,103.443
2019-03-21 04:00:00,107.356
2019-03-21 05:00:00,101.668
2019-03-21 06:00:00,110.68
2019-03-21 07:00:00,168.28
2019-03-21 08:00:00,209.097
2019-03-21 09:00:00,235.627
2019-03-21 10:00:00,289.133
2019-03-21 11:00:00,404.041
2019-03-21 12:00:00,317.431
2019-03-21 13:00:00,317.676
2019-03-21 14:00:00,330.38
2019-03-21 15:00:00,299.203
2019-03-21 16:00:00,280.389
2019-03-21 17:00:00,274.593
2019-03-21 18:00:00,237.011
2019-03-21 19:00:00,192.387
2019-03-21 20:00:00,160.598
2019-03-21 21:00:00,116.357
2019-03-21 22:00:00,109.821
2019-03-21 23:00:00,107.061
2019-03-22 00:00:00,109.837
2019-03-22 01:00:00,106.827
2019-03-22 02:00:00,108.545
2019-03-22 03:00:00,106.318
2019-03-22 04:00:00,106.95
2019-03-22 05:00:00,103.439
2019-03-22 06:00:00,109.078
2019-03-22 07:00:00,161.261
2019-03-22 08:00:00,197.221
2019-03-22 09:00:00,238.545
2019-03-22 10:00:00,260.502
2019-03-22 11:00:00,383.997
2019-03-22 12:00:00,299.962
2019-03-22 13:00:00,288.577
2019-03-22 14:00:00,304.302
2019-03-22 15:00:00,299.357
2019-03-22 16:00:00,261.97
2019-03-22 17:00:00,243.003
2019-03-22 18:00:00,208.932
2019-03-22 19:00:00,184.242
2019-03-22 20:00:00,147.296
2019-03-22 21:00:00,125.933
2019-03-22 22:00:00,112.06
2019-03-22 23:00:00,109.078
2019-03-23 00:00:00,105.375
2019-03-23 01:00:00,107.226
2019-03-23 02:00:00,103.918
2019-03-23 03:00:00,107.13
2019-03-23 04:00:00,105.62
2019-03-23 05:00:00,107.441
2019-03-23 06:00:00,102.477
2019-03-23 07:00:00,118.902
2019-03-23 08:00:00,118.845
2019-03-23 09:00:00,128.528
2019-03-23 10:00:00,125.799
2019-03-23 11:00:00,124.261
2019-03-23 12:00:00,131.575
2019-03-23 13:00:00,122.924
2019-03-23 14:00:00,126.109
2019-03-23 15:00:00,124.062
2019-03-23 16:00:00,128.229
2019-03-23 17:00:00,123.215
2019-03-23 18:00:00,123.154
2019-03-23 19:00:00,124.833
2019-03-23 20:00:00,116.054
2019-03-23 21:00:00,103.347
2019-03-23 22:00:00,105.152
2019-03-23 23:00:00,100.824
2019-03-24 00:00:00,100.487
2019-03-24 01:00:00,103.807
2019-03-24 02:00:00,99.345
2019-03-24 03:00:00,97.873
2019-03-24 04:00:00,101.925
2019-03-24 05:00:00,100.407
2019-03-24 06:00:00,100.035
2019-03-24 07:00:00,101.852
2019-03-24 08:00:00,98.712
2019-03-24 09:00:00,100.065
2019-03-24 10:00:00,103.964
2019-03-24 11:00:00,105.367
2019-03-24 12:00:00,106.214
2019-03-24 13:00:00,108.556
2019-03-24 14:00:00,103.857
2019-03-24 15:00:00,100.748
2019-03-24 16:00:00,105.551
2019-03-24 17:00:00,104.926
2019-03-24 18:00:00,109.679
2019-03-24 19:00:00,101.449
2019-03-24 20:00:00,100.33
2019-03-24 21:00:00,104.926
2019-03-24 22:00:00,98.647
2019-03-24 23:00:00,100.556
2019-03-25 00:00:00,103.182
2019-03-25 01:00:00,99.414
2019-03-25 02:00:00,97.915
2019-03-25 03:00:00,104.807
2019-03-25 04:00:00,102.885
2019-03-25 05:00:00,100.294
2019-03-25 06:00:00,111.606
2019-03-25 07:00:00,148.571
2019-03-25 08:00:00,189.133
2019-03-25 09:00:00,228.664
2019-03-25 10:00:00,325.316
2019-03-25 11:00:00,344.672
2019-03-25 12:00:00,323.664
2019-03-25 13:00:00,324.378
2019-03-25 14:00:00,343.246
2019-03-25 15:00:00,363.745
2019-03-25 16:00:00,349.125
2019-03-25 17:00:00,330.351
2019-03-25 18:00:00,246.774
2019-03-25 19:00:00,199.221
2019-03-25 20:00:00,163.071
2019-03-25 21:00:00,143.808
2019-03-25 22:00:00,134.612
2019-03-25 23:00:00,132.589
2019-03-26 00:00:00,128.845
2019-03-26 01:00:00,126.368
2019-03-26 02:00:00,116.486
2019-03-26 03:00:00,116.221
2019-03-26 04:00:00,113.786
2019-03-26 05:00:00,116.662
2019-03-26 06:00:00,115.819
2019-03-26 07:00:00,156.494
2019-03-26 08:00:00,194.733
2019-03-26 09:00:00,345.808
2019-03-26 10:00:00,303.508
2019-03-26 11:00:00,333.751
2019-03-26 12:00:00,311.662
2019-03-26 13:00:00,311.033
2019-03-26 14:00:00,324.619
2019-03-26 15:00:00,362.621
2019-03-26 16:00:00,345.064
2019-03-26 17:00:00,329.935
2019-03-26 18:00:00,233.879
2019-03-26 19:00:00,181.783
2019-03-26 20:00:00,156.051
2019-03-26 21:00:00,124.721
2019-03-26 22:00:00,113.994
2019-03-26 23:00:00,112.454
2019-03-27 00:00:00,112.348
2019-03-27 01:00:00,106.721
2019-03-27 02:00:00,111.055
2019-03-27 03:00:00,107.093
2019-03-27 04:00:00,109.625
2019-03-27 05:00:00,107.287
2019-03-27 06:00:00,117.925
2019-03-27 07:00:00,159.003
2019-03-27 08:00:00,206.806
2019-03-27 09:00:00,353.637
2019-03-27 10:00:00,303.66
2019-03-27 11:00:00,319.646
2019-03-27 12:00:00,318.145
2019-03-27 13:00:00,316.467
2019-03-27 14:00:00,338.844
2019-03-27 15:00:00,356.216
2019-03-27 16:00:00,346.288
2019-03-27 17:00:00,317.3
2019-03-27 18:00:00,247.487
2019-03-27 19:00:00,198.318
2019-03-27 20:00:00,169.211
2019-03-27 21:00:00,123.844
2019-03-27 22:00:00,115.534
2019-03-27 23:00:00,115.49
2019-03-28 00:00:00,115.194
2019-03-28 01:00:00,110.767
2019-03-28 02:00:00,109.982
2019-03-28 03:00:00,107.816
2019-03-28 04:00:00,115.966
2019-03-28 05:00:00,110.506
2019-03-28 06:00:00,115.865
2019-03-28 07:00:00,167.437
2019-03-28 08:00:00,207.191
2019-03-28 09:00:00,360.38
2019-03-28 10:00:00,304.815
2019-03-28 11:00:00,319.249
2019-03-28 12:00:00,311.448
2019-03-28 13:00:00,313.049
2019-03-28 14:00:00,329.931
2019-03-28 15:00:00,353.371
2019-03-28 16:00:00,350.17
2019-03-28 17:00:00,323.541
2019-03-28 18:00:00,257.198
2019-03-28 19:00:00,197.9
2019-03-28 20:00:00,172.486
2019-03-28 21:00:00,128.693
2019-03-28 22:00:00,114.46
2019-03-28 23:00:00,110.991
2019-03-29 00:00:00,114.392
2019-03-29 01:00:00,112.303
2019-03-29 02:00:00,110.616
2019-03-29 03:00:00,112.636
2019-03-29 04:00:00,109.167
2019-03-29 05:00:00,111.878
2019-03-29 06:00:00,118.567
2019-03-29 07:00:00,165.209
2019-03-29 08:00:00,193.501
2019-03-29 09:00:00,346.986
2019-03-29 10:00:00,304.236
2019-03-29 11:00:00,317.406
2019-03-29 12:00:00,301.993
2019-03-29 13:00:00,304.47
2019-03-29 14:00:00,346.134
2019-03-29 15:00:00,368.454
2019-03-29 16:00:00,344.814
2019-03-29 17:00:00,320.758
2019-03-29 18:00:00,235.972
2019-03-29 19:00:00,179.241
2019-03-29 20:00:00,150.322
2019-03-29 21:00:00,112.489
2019-03-29 22:00:00,112.086
2019-03-29 23:00:00,106.789
2019-03-30 00:00:00,108.69
2019-03-30 01:00:00,104.89
2019-03-30 02:00:00,106.615
2019-03-30 03:00:00,104.772
2019-03-30 04:00:00,105.145
2019-03-30 05:00:00,102.464
2019-03-30 06:00:00,103.33
2019-03-30 07:00:00,119.469
2019-03-30 08:00:00,119.522
2019-03-30 09:00:00,130.291
2019-03-30 10:00:00,124.12
2019-03-30 11:00:00,130.227
2019-03-30 12:00:00,125.217
2019-03-30 13:00:00,128.999
2019-03-30 14:00:00,128.559
2019-03-30 15:00:00,126.76
2019-03-30 16:00:00,131.01
2019-03-30 17:00:00,123.888
2019-03-30 18:00:00,127.834
2019-03-30 19:00:00,118.989
2019-03-30 20:00:00,117.492
2019-03-30 21:00:00,107.559
2019-03-30 22:00:00,102.699
2019-03-30 23:00:00,105.291
2019-03-31 00:00:00,104.27
2019-03-31 02:00:00,99.797
2019-03-31 03:00:00,98.878
2019-03-31 04:00:00,103.471
2019-03-31 05:00:00,98.798
2019-03-31 06:00:00,99.827
2019-03-31 07:00:00,101.945
2019-03-31 08:00:00,101.299
2019-03-31 09:00:00,103.059
2019-03-31 10:00:00,106.099
2019-03-31 11:00:00,102.416
2019-03-31 12:00:00,108.479
2019-03-31 13:00:00,106.076
2019-03-31 14:00:00,107.294
2019-03-31 15:00:00,111.96
2019-03-31 16:00:00,108.276
2019-03-31 17:00:00,107.647
2019-03-31 18:00:00,111.86
2019-03-31 19:00:00,106.642
2019-03-31 20:00:00,104.757
2019-03-31 21:00:00,109.006
2019-03-31 22:00:00,106.903
2019-03-31 23:00:00,105.705
